Date,Product_Code,Predicted_Quantity,Month
2026-01-01,A-LOVE,3.5738184,Jan
2026-02-01,A-LOVE,3.253881,Feb
2026-03-01,A-LOVE,3.0321338,Mar
2026-04-01,A-LOVE,2.8024726,Apr
2026-05-01,A-LOVE,2.7062545,May
2026-06-01,A-LOVE,2.6414204,Jun
2026-07-01,A-LOVE,2.5730026,Jul
2026-08-01,A-LOVE,2.483874,Aug
2026-09-01,A-LOVE,2.409842,Sep
2026-10-01,A-LOVE,2.3470247,Oct
2026-11-01,A-LOVE,2.294981,Nov
2026-12-01,A-LOVE,2.24715,Dec
2026-01-01,A-LOVE 200ML,12.07721,Jan
2026-02-01,A-LOVE 200ML,11.206506,Feb
2026-03-01,A-LOVE 200ML,10.639146,Mar
2026-04-01,A-LOVE 200ML,10.304967,Apr
2026-05-01,A-LOVE 200ML,9.757619,May
2026-06-01,A-LOVE 200ML,9.771129,Jun
2026-07-01,A-LOVE 200ML,9.825002,Jul
2026-08-01,A-LOVE 200ML,9.596672,Aug
2026-09-01,A-LOVE 200ML,9.434852,Sep
2026-10-01,A-LOVE 200ML,9.305526,Oct
2026-11-01,A-LOVE 200ML,9.191358,Nov
2026-12-01,A-LOVE 200ML,9.102615,Dec
2026-01-01,AESTAR,0.0074527347,Jan
2026-02-01,AESTAR,0.008489473,Feb
2026-03-01,AESTAR,0.010030242,Mar
2026-04-01,AESTAR,0.011815419,Apr
2026-05-01,AESTAR,0.013732243,May
2026-06-01,AESTAR,0.015998585,Jun
2026-07-01,AESTAR,0.018671237,Jul
2026-08-01,AESTAR,0.02086352,Aug
2026-09-01,AESTAR,0.02326987,Sep
2026-10-01,AESTAR,0.025808955,Oct
2026-11-01,AESTAR,0.028456427,Nov
2026-12-01,AESTAR,0.031207591,Dec
2026-01-01,AESTAR30,18.86189,Jan
2026-02-01,AESTAR30,17.29139,Feb
2026-03-01,AESTAR30,16.35567,Mar
2026-04-01,AESTAR30,15.776679,Apr
2026-05-01,AESTAR30,15.18327,May
2026-06-01,AESTAR30,14.993751,Jun
2026-07-01,AESTAR30,15.269406,Jul
2026-08-01,AESTAR30,14.916739,Aug
2026-09-01,AESTAR30,14.68728,Sep
2026-10-01,AESTAR30,14.512902,Oct
2026-11-01,AESTAR30,14.365136,Nov
2026-12-01,AESTAR30,14.243282,Dec
2026-01-01,AKC,0.15691806,Jan
2026-02-01,AKC,0.21434876,Feb
2026-03-01,AKC,0.23913673,Mar
2026-04-01,AKC,0.25156206,Apr
2026-05-01,AKC,0.2581552,May
2026-06-01,AKC,0.26174027,Jun
2026-07-01,AKC,0.2277255,Jul
2026-08-01,AKC,0.23244719,Aug
2026-09-01,AKC,0.23154616,Sep
2026-10-01,AKC,0.22884318,Oct
2026-11-01,AKC,0.22554612,Nov
2026-12-01,AKC,0.22205023,Dec
2026-01-01,AKMK_COMBO,46.423515,Jan
2026-02-01,AKMK_COMBO,46.4039,Feb
2026-03-01,AKMK_COMBO,45.24003,Mar
2026-04-01,AKMK_COMBO,44.235027,Apr
2026-05-01,AKMK_COMBO,42.781124,May
2026-06-01,AKMK_COMBO,41.537445,Jun
2026-07-01,AKMK_COMBO,40.460197,Jul
2026-08-01,AKMK_COMBO,39.75888,Aug
2026-09-01,AKMK_COMBO,39.03297,Sep
2026-10-01,AKMK_COMBO,38.364346,Oct
2026-11-01,AKMK_COMBO,37.75091,Nov
2026-12-01,AKMK_COMBO,37.21197,Dec
2026-01-01,AKS,17.794329,Jan
2026-02-01,AKS,19.02723,Feb
2026-03-01,AKS,20.224718,Mar
2026-04-01,AKS,20.471657,Apr
2026-05-01,AKS,20.483915,May
2026-06-01,AKS,20.804531,Jun
2026-07-01,AKS,18.845098,Jul
2026-08-01,AKS,18.849722,Aug
2026-09-01,AKS,18.68312,Sep
2026-10-01,AKS,18.428818,Oct
2026-11-01,AKS,18.1526,Nov
2026-12-01,AKS,17.880007,Dec
2026-01-01,AK_BTL,170.38438,Jan
2026-02-01,AK_BTL,177.25993,Feb
2026-03-01,AK_BTL,184.72264,Mar
2026-04-01,AK_BTL,182.66887,Apr
2026-05-01,AK_BTL,190.94527,May
2026-06-01,AK_BTL,199.74352,Jun
2026-07-01,AK_BTL,195.4248,Jul
2026-08-01,AK_BTL,199.15608,Aug
2026-09-01,AK_BTL,202.15657,Sep
2026-10-01,AK_BTL,204.6706,Oct
2026-11-01,AK_BTL,207.3869,Nov
2026-12-01,AK_BTL,209.64078,Dec
2026-01-01,ALOVE_40ML,32.6761,Jan
2026-02-01,ALOVE_40ML,29.88636,Feb
2026-03-01,ALOVE_40ML,28.419353,Mar
2026-04-01,ALOVE_40ML,26.949097,Apr
2026-05-01,ALOVE_40ML,26.142414,May
2026-06-01,ALOVE_40ML,25.984594,Jun
2026-07-01,ALOVE_40ML,26.617844,Jul
2026-08-01,ALOVE_40ML,26.031246,Aug
2026-09-01,ALOVE_40ML,25.678555,Sep
2026-10-01,ALOVE_40ML,25.418262,Oct
2026-11-01,ALOVE_40ML,25.2302,Nov
2026-12-01,ALOVE_40ML,25.07258,Dec
2026-01-01,ARJ,0.0149054695,Jan
2026-02-01,ARJ,0.016978946,Feb
2026-03-01,ARJ,0.020060483,Mar
2026-04-01,ARJ,0.023630839,Apr
2026-05-01,ARJ,0.027464487,May
2026-06-01,ARJ,0.03199717,Jun
2026-07-01,ARJ,0.037342474,Jul
2026-08-01,ARJ,0.04172704,Aug
2026-09-01,ARJ,0.04653974,Sep
2026-10-01,ARJ,0.05161791,Oct
2026-11-01,ARJ,0.056912854,Nov
2026-12-01,ARJ,0.062415183,Dec
2026-01-01,BLOSSOM,0.0074527347,Jan
2026-02-01,BLOSSOM,0.008489473,Feb
2026-03-01,BLOSSOM,0.010030242,Mar
2026-04-01,BLOSSOM,0.011815419,Apr
2026-05-01,BLOSSOM,0.013732243,May
2026-06-01,BLOSSOM,0.015998585,Jun
2026-07-01,BLOSSOM,0.018671237,Jul
2026-08-01,BLOSSOM,0.02086352,Aug
2026-09-01,BLOSSOM,0.02326987,Sep
2026-10-01,BLOSSOM,0.025808955,Oct
2026-11-01,BLOSSOM,0.028456427,Nov
2026-12-01,BLOSSOM,0.031207591,Dec
2026-01-01,BLOSSOM30,23.644627,Jan
2026-02-01,BLOSSOM30,21.599125,Feb
2026-03-01,BLOSSOM30,20.070505,Mar
2026-04-01,BLOSSOM30,19.362331,Apr
2026-05-01,BLOSSOM30,18.526266,May
2026-06-01,BLOSSOM30,18.334505,Jun
2026-07-01,BLOSSOM30,18.622854,Jul
2026-08-01,BLOSSOM30,18.14166,Aug
2026-09-01,BLOSSOM30,17.815289,Sep
2026-10-01,BLOSSOM30,17.575682,Oct
2026-11-01,BLOSSOM30,17.366703,Nov
2026-12-01,BLOSSOM30,17.194477,Dec
2026-01-01,EMOJI,0.35078853,Jan
2026-02-01,EMOJI,0.1977857,Feb
2026-03-01,EMOJI,0.24215293,Mar
2026-04-01,EMOJI,0.28439388,Apr
2026-05-01,EMOJI,0.3347435,May
2026-06-01,EMOJI,0.38985384,Jun
2026-07-01,EMOJI,0.44881728,Jul
2026-08-01,EMOJI,0.4808469,Aug
2026-09-01,EMOJI,0.5353585,Sep
2026-10-01,EMOJI,0.5902039,Oct
2026-11-01,EMOJI,0.64653254,Nov
2026-12-01,EMOJI,0.70992243,Dec
2026-01-01,FF,0.0074527347,Jan
2026-02-01,FF,0.008489473,Feb
2026-03-01,FF,0.010030242,Mar
2026-04-01,FF,0.011815419,Apr
2026-05-01,FF,0.013732243,May
2026-06-01,FF,0.015998585,Jun
2026-07-01,FF,0.018671237,Jul
2026-08-01,FF,0.02086352,Aug
2026-09-01,FF,0.02326987,Sep
2026-10-01,FF,0.025808955,Oct
2026-11-01,FF,0.028456427,Nov
2026-12-01,FF,0.031207591,Dec
2026-01-01,GLOW_PACK,9.795941,Jan
2026-02-01,GLOW_PACK,10.01886,Feb
2026-03-01,GLOW_PACK,9.92067,Mar
2026-04-01,GLOW_PACK,10.223847,Apr
2026-05-01,GLOW_PACK,9.694505,May
2026-06-01,GLOW_PACK,9.894518,Jun
2026-07-01,GLOW_PACK,9.872971,Jul
2026-08-01,GLOW_PACK,9.865526,Aug
2026-09-01,GLOW_PACK,9.84586,Sep
2026-10-01,GLOW_PACK,9.833313,Oct
2026-11-01,GLOW_PACK,9.804267,Nov
2026-12-01,GLOW_PACK,9.806193,Dec
2026-01-01,GLUCOSKIN,14.766996,Jan
2026-02-01,GLUCOSKIN,14.948366,Feb
2026-03-01,GLUCOSKIN,14.99505,Mar
2026-04-01,GLUCOSKIN,14.798477,Apr
2026-05-01,GLUCOSKIN,15.071124,May
2026-06-01,GLUCOSKIN,14.294976,Jun
2026-07-01,GLUCOSKIN,13.834441,Jul
2026-08-01,GLUCOSKIN,13.679407,Aug
2026-09-01,GLUCOSKIN,13.488502,Sep
2026-10-01,GLUCOSKIN,13.289657,Oct
2026-11-01,GLUCOSKIN,13.096035,Nov
2026-12-01,GLUCOSKIN,12.887572,Dec
2026-01-01,GS,0.0074527347,Jan
2026-02-01,GS,0.008489473,Feb
2026-03-01,GS,0.010030242,Mar
2026-04-01,GS,0.011815419,Apr
2026-05-01,GS,0.013732243,May
2026-06-01,GS,0.015998585,Jun
2026-07-01,GS,0.018671237,Jul
2026-08-01,GS,0.02086352,Aug
2026-09-01,GS,0.02326987,Sep
2026-10-01,GS,0.025808955,Oct
2026-11-01,GS,0.028456427,Nov
2026-12-01,GS,0.031207591,Dec
2026-01-01,GT MILK,0.04471641,Jan
2026-02-01,GT MILK,0.050936837,Feb
2026-03-01,GT MILK,0.06018145,Mar
2026-04-01,GT MILK,0.07089251,Apr
2026-05-01,GT MILK,0.08239346,May
2026-06-01,GT MILK,0.09599151,Jun
2026-07-01,GT MILK,0.11202742,Jul
2026-08-01,GT MILK,0.12518112,Aug
2026-09-01,GT MILK,0.13961922,Sep
2026-10-01,GT MILK,0.15485373,Oct
2026-11-01,GT MILK,0.17073856,Nov
2026-12-01,GT MILK,0.18724555,Dec
2026-01-01,HYDRA,0.80489534,Jan
2026-02-01,HYDRA,0.9168631,Feb
2026-03-01,HYDRA,1.0832661,Mar
2026-04-01,HYDRA,1.2760653,Apr
2026-05-01,HYDRA,1.4830823,May
2026-06-01,HYDRA,1.7278472,Jun
2026-07-01,HYDRA,2.0164936,Jul
2026-08-01,HYDRA,2.2532601,Aug
2026-09-01,HYDRA,2.513146,Sep
2026-10-01,HYDRA,2.787367,Oct
2026-11-01,HYDRA,3.0732942,Nov
2026-12-01,HYDRA,3.37042,Dec
2026-01-01,JF,1.9567602,Jan
2026-02-01,JF,2.0354881,Feb
2026-03-01,JF,2.0393708,Mar
2026-04-01,JF,2.047353,Apr
2026-05-01,JF,2.0570173,May
2026-06-01,JF,2.0673652,Jun
2026-07-01,JF,2.078,Jul
2026-08-01,JF,2.09128,Aug
2026-09-01,JF,2.09975,Sep
2026-10-01,JF,2.1086335,Oct
2026-11-01,JF,2.1173694,Nov
2026-12-01,JF,2.1257684,Dec
2026-01-01,KOPI,0.0149054695,Jan
2026-02-01,KOPI,0.016978946,Feb
2026-03-01,KOPI,0.020060483,Mar
2026-04-01,KOPI,0.023630839,Apr
2026-05-01,KOPI,0.027464487,May
2026-06-01,KOPI,0.03199717,Jun
2026-07-01,KOPI,0.037342474,Jul
2026-08-01,KOPI,0.04172704,Aug
2026-09-01,KOPI,0.04653974,Sep
2026-10-01,KOPI,0.05161791,Oct
2026-11-01,KOPI,0.056912854,Nov
2026-12-01,KOPI,0.062415183,Dec
2026-01-01,KSC_N,125.6898,Jan
2026-02-01,KSC_N,112.26127,Feb
2026-03-01,KSC_N,103.31485,Mar
2026-04-01,KSC_N,100.02336,Apr
2026-05-01,KSC_N,99.9106,May
2026-06-01,KSC_N,103.773476,Jun
2026-07-01,KSC_N,108.24723,Jul
2026-08-01,KSC_N,107.13194,Aug
2026-09-01,KSC_N,107.39219,Sep
2026-10-01,KSC_N,108.28654,Oct
2026-11-01,KSC_N,109.33603,Nov
2026-12-01,KSC_N,110.35147,Dec
2026-01-01,LIEA,0.0074527347,Jan
2026-02-01,LIEA,0.008489473,Feb
2026-03-01,LIEA,0.010030242,Mar
2026-04-01,LIEA,0.011815419,Apr
2026-05-01,LIEA,0.013732243,May
2026-06-01,LIEA,0.015998585,Jun
2026-07-01,LIEA,0.018671237,Jul
2026-08-01,LIEA,0.02086352,Aug
2026-09-01,LIEA,0.02326987,Sep
2026-10-01,LIEA,0.025808955,Oct
2026-11-01,LIEA,0.028456427,Nov
2026-12-01,LIEA,0.031207591,Dec
2026-01-01,LIEA30,22.836548,Jan
2026-02-01,LIEA30,21.144512,Feb
2026-03-01,LIEA30,19.792807,Mar
2026-04-01,LIEA30,19.262573,Apr
2026-05-01,LIEA30,18.542376,May
2026-06-01,LIEA30,18.511341,Jun
2026-07-01,LIEA30,18.454178,Jul
2026-08-01,LIEA30,18.035795,Aug
2026-09-01,LIEA30,17.727814,Sep
2026-10-01,LIEA30,17.49179,Oct
2026-11-01,LIEA30,17.276712,Nov
2026-12-01,LIEA30,17.093636,Dec
2026-01-01,LM_COMBO,0.19130513,Jan
2026-02-01,LM_COMBO,0.20889255,Feb
2026-03-01,LM_COMBO,0.21915203,Mar
2026-04-01,LM_COMBO,0.22628255,Apr
2026-05-01,LM_COMBO,0.23110117,May
2026-06-01,LM_COMBO,0.1936974,Jun
2026-07-01,LM_COMBO,0.208283,Jul
2026-08-01,LM_COMBO,0.20780042,Aug
2026-09-01,LM_COMBO,0.20634213,Sep
2026-10-01,LM_COMBO,0.20449737,Oct
2026-11-01,LM_COMBO,0.20242764,Nov
2026-12-01,LM_COMBO,0.20020962,Dec
2026-01-01,LM_KIAMBANG,0.838311,Jan
2026-02-01,LM_KIAMBANG,0.96132743,Feb
2026-03-01,LM_KIAMBANG,1.0049866,Mar
2026-04-01,LM_KIAMBANG,1.0107312,Apr
2026-05-01,LM_KIAMBANG,1.0038784,May
2026-06-01,LM_KIAMBANG,0.9139164,Jun
2026-07-01,LM_KIAMBANG,0.8575963,Jul
2026-08-01,LM_KIAMBANG,0.8472916,Aug
2026-09-01,LM_KIAMBANG,0.8274796,Sep
2026-10-01,LM_KIAMBANG,0.8054681,Oct
2026-11-01,LM_KIAMBANG,0.7838168,Nov
2026-12-01,LM_KIAMBANG,0.7630757,Dec
2026-01-01,LM_RAFFLESIA,0.9084047,Jan
2026-02-01,LM_RAFFLESIA,1.022785,Feb
2026-03-01,LM_RAFFLESIA,1.0758322,Mar
2026-04-01,LM_RAFFLESIA,1.09962,Apr
2026-05-01,LM_RAFFLESIA,1.1100723,May
2026-06-01,LM_RAFFLESIA,0.9790795,Jun
2026-07-01,LM_RAFFLESIA,0.97677696,Jul
2026-08-01,LM_RAFFLESIA,0.9719788,Aug
2026-09-01,LM_RAFFLESIA,0.9586859,Sep
2026-10-01,LM_RAFFLESIA,0.94279987,Oct
2026-11-01,LM_RAFFLESIA,0.9257002,Nov
2026-12-01,LM_RAFFLESIA,0.9085491,Dec
2026-01-01,LM_TERATAI,0.98558474,Jan
2026-02-01,LM_TERATAI,1.1984917,Feb
2026-03-01,LM_TERATAI,1.2776369,Mar
2026-04-01,LM_TERATAI,1.3009723,Apr
2026-05-01,LM_TERATAI,1.298412,May
2026-06-01,LM_TERATAI,1.2322557,Jun
2026-07-01,LM_TERATAI,1.1115694,Jul
2026-08-01,LM_TERATAI,1.1071831,Aug
2026-09-01,LM_TERATAI,1.0853646,Sep
2026-10-01,LM_TERATAI,1.0589582,Oct
2026-11-01,LM_TERATAI,1.0321455,Nov
2026-12-01,LM_TERATAI,1.0062616,Dec
2026-01-01,MELICA,2.564978,Jan
2026-02-01,MELICA,2.4387186,Feb
2026-03-01,MELICA,2.4545505,Mar
2026-04-01,MELICA,1.6691176,Apr
2026-05-01,MELICA,1.9391475,May
2026-06-01,MELICA,2.1209953,Jun
2026-07-01,MELICA,2.2674687,Jul
2026-08-01,MELICA,2.2490096,Aug
2026-09-01,MELICA,2.2595801,Sep
2026-10-01,MELICA,2.2764592,Oct
2026-11-01,MELICA,2.34358,Nov
2026-12-01,MELICA,2.3883765,Dec
2026-01-01,MELICA30,22.136545,Jan
2026-02-01,MELICA30,19.89125,Feb
2026-03-01,MELICA30,18.595478,Mar
2026-04-01,MELICA30,18.701431,Apr
2026-05-01,MELICA30,17.739084,May
2026-06-01,MELICA30,17.784544,Jun
2026-07-01,MELICA30,18.461035,Jul
2026-08-01,MELICA30,18.130209,Aug
2026-09-01,MELICA30,17.995512,Sep
2026-10-01,MELICA30,17.943054,Oct
2026-11-01,MELICA30,17.879333,Nov
2026-12-01,MELICA30,17.86587,Dec
2026-01-01,MKCC_BTL,97.66513,Jan
2026-02-01,MKCC_BTL,94.85224,Feb
2026-03-01,MKCC_BTL,101.92209,Mar
2026-04-01,MKCC_BTL,103.97398,Apr
2026-05-01,MKCC_BTL,112.01553,May
2026-06-01,MKCC_BTL,120.18295,Jun
2026-07-01,MKCC_BTL,117.914536,Jul
2026-08-01,MKCC_BTL,121.640594,Aug
2026-09-01,MKCC_BTL,125.437096,Sep
2026-10-01,MKCC_BTL,128.756,Oct
2026-11-01,MKCC_BTL,132.04231,Nov
2026-12-01,MKCC_BTL,134.92674,Dec
2026-01-01,MKCF_BTL,554.04297,Jan
2026-02-01,MKCF_BTL,539.10754,Feb
2026-03-01,MKCF_BTL,548.7151,Mar
2026-04-01,MKCF_BTL,554.73627,Apr
2026-05-01,MKCF_BTL,571.4345,May
2026-06-01,MKCF_BTL,596.0177,Jun
2026-07-01,MKCF_BTL,611.93195,Jul
2026-08-01,MKCF_BTL,623.5988,Aug
2026-09-01,MKCF_BTL,637.8549,Sep
2026-10-01,MKCF_BTL,652.18616,Oct
2026-11-01,MKCF_BTL,666.7252,Nov
2026-12-01,MKCF_BTL,680.7018,Dec
2026-01-01,MKH,14.601585,Jan
2026-02-01,MKH,14.748333,Feb
2026-03-01,MKH,14.513704,Mar
2026-04-01,MKH,13.725721,Apr
2026-05-01,MKH,13.622011,May
2026-06-01,MKH,13.555802,Jun
2026-07-01,MKH,12.84315,Jul
2026-08-01,MKH,12.622318,Aug
2026-09-01,MKH,12.3761015,Sep
2026-10-01,MKH,12.138428,Oct
2026-11-01,MKH,11.93922,Nov
2026-12-01,MKH,11.744246,Dec
2026-01-01,MKS,12.613041,Jan
2026-02-01,MKS,15.561748,Feb
2026-03-01,MKS,16.942398,Mar
2026-04-01,MKS,17.442461,Apr
2026-05-01,MKS,17.575073,May
2026-06-01,MKS,17.641369,Jun
2026-07-01,MKS,15.669459,Jul
2026-08-01,MKS,15.810285,Aug
2026-09-01,MKS,15.672689,Sep
2026-10-01,MKS,15.442171,Oct
2026-11-01,MKS,15.191481,Nov
2026-12-01,MKS,14.935616,Dec
2026-01-01,PROMO,7.197367,Jan
2026-02-01,PROMO,8.36171,Feb
2026-03-01,PROMO,8.883936,Mar
2026-04-01,PROMO,8.692549,Apr
2026-05-01,PROMO,9.058587,May
2026-06-01,PROMO,8.8515625,Jun
2026-07-01,PROMO,8.309514,Jul
2026-08-01,PROMO,8.360912,Aug
2026-09-01,PROMO,8.305463,Sep
2026-10-01,PROMO,8.215112,Oct
2026-11-01,PROMO,8.136022,Nov
2026-12-01,PROMO,8.038219,Dec
2026-01-01,SC5,0.75054914,Jan
2026-02-01,SC5,0.7121862,Feb
2026-03-01,SC5,0.3674838,Mar
2026-04-01,SC5,0.47974294,Apr
2026-05-01,SC5,0.5628231,May
2026-06-01,SC5,0.6386197,Jun
2026-07-01,SC5,0.7016258,Jul
2026-08-01,SC5,0.7148919,Aug
2026-09-01,SC5,0.7407855,Sep
2026-10-01,SC5,0.79390794,Oct
2026-11-01,SC5,0.8380335,Nov
2026-12-01,SC5,0.8781162,Dec
2026-01-01,SGCOCONUT,0.5279637,Jan
2026-02-01,SGCOCONUT,0.5832045,Feb
2026-03-01,SGCOCONUT,0.6227136,Mar
2026-04-01,SGCOCONUT,0.5443471,Apr
2026-05-01,SGCOCONUT,0.5960719,May
2026-06-01,SGCOCONUT,0.63398594,Jun
2026-07-01,SGCOCONUT,0.6102899,Jul
2026-08-01,SGCOCONUT,0.62052685,Aug
2026-09-01,SGCOCONUT,0.6263024,Sep
2026-10-01,SGCOCONUT,0.6298072,Oct
2026-11-01,SGCOCONUT,0.63816774,Nov
2026-12-01,SGCOCONUT,0.6430368,Dec
2026-01-01,SGTUMERIC,1.3094201,Jan
2026-02-01,SGTUMERIC,1.2482706,Feb
2026-03-01,SGTUMERIC,1.1795037,Mar
2026-04-01,SGTUMERIC,1.1376305,Apr
2026-05-01,SGTUMERIC,1.0455463,May
2026-06-01,SGTUMERIC,1.0157073,Jun
2026-07-01,SGTUMERIC,0.9550565,Jul
2026-08-01,SGTUMERIC,0.9201667,Aug
2026-09-01,SGTUMERIC,0.8879362,Sep
2026-10-01,SGTUMERIC,0.8591821,Oct
2026-11-01,SGTUMERIC,0.83214676,Nov
2026-12-01,SGTUMERIC,0.8091336,Dec
2026-01-01,SP KASEH,20.36505,Jan
2026-02-01,SP KASEH,17.673141,Feb
2026-03-01,SP KASEH,16.379522,Mar
2026-04-01,SP KASEH,17.510502,Apr
2026-05-01,SP KASEH,17.80852,May
2026-06-01,SP KASEH,18.588415,Jun
2026-07-01,SP KASEH,19.37575,Jul
2026-08-01,SP KASEH,19.49746,Aug
2026-09-01,SP KASEH,19.88609,Sep
2026-10-01,SP KASEH,20.371252,Oct
2026-11-01,SP KASEH,20.78433,Nov
2026-12-01,SP KASEH,21.193527,Dec
2026-01-01,SS,12.1282015,Jan
2026-02-01,SS,13.216971,Feb
2026-03-01,SS,13.394339,Mar
2026-04-01,SS,13.162336,Apr
2026-05-01,SS,12.468702,May
2026-06-01,SS,11.473284,Jun
2026-07-01,SS,10.660858,Jul
2026-08-01,SS,10.369407,Aug
2026-09-01,SS,10.017902,Sep
2026-10-01,SS,9.671068,Oct
2026-11-01,SS,9.349418,Nov
2026-12-01,SS,9.053109,Dec
2026-01-01,TP AK,8.142619,Jan
2026-02-01,TP AK,7.9826508,Feb
2026-03-01,TP AK,7.178463,Mar
2026-04-01,TP AK,7.2777896,Apr
2026-05-01,TP AK,7.5133047,May
2026-06-01,TP AK,7.2570906,Jun
2026-07-01,TP AK,7.56516,Jul
2026-08-01,TP AK,7.5204306,Aug
2026-09-01,TP AK,7.507722,Sep
2026-10-01,TP AK,7.547771,Oct
2026-11-01,TP AK,7.578245,Nov
2026-12-01,TP AK,7.594852,Dec
2026-01-01,TP MK,34.842113,Jan
2026-02-01,TP MK,31.691244,Feb
2026-03-01,TP MK,29.410366,Mar
2026-04-01,TP MK,28.77476,Apr
2026-05-01,TP MK,28.672075,May
2026-06-01,TP MK,28.663479,Jun
2026-07-01,TP MK,28.640917,Jul
2026-08-01,TP MK,28.112951,Aug
2026-09-01,TP MK,27.79721,Sep
2026-10-01,TP MK,27.598227,Oct
2026-11-01,TP MK,27.417702,Nov
2026-12-01,TP MK,27.234207,Dec
2026-01-01,i-KASEH,115.82562,Jan
2026-02-01,i-KASEH,116.19994,Feb
2026-03-01,i-KASEH,118.13595,Mar
2026-04-01,i-KASEH,121.42012,Apr
2026-05-01,i-KASEH,119.85582,May
2026-06-01,i-KASEH,123.11866,Jun
2026-07-01,i-KASEH,123.22347,Jul
2026-08-01,i-KASEH,124.35621,Aug
2026-09-01,i-KASEH,125.46743,Sep
2026-10-01,i-KASEH,126.47443,Oct
2026-11-01,i-KASEH,127.31603,Nov
2026-12-01,i-KASEH,128.30368,Dec
